metric,point,ci_low,ci_high,n
auc_roc_in_sample,0.9233350859411905,0.9055886278414889,0.9397577398086936,4818
auc_pr_in_sample,0.5955753383141179,0.5294597608216084,0.6603874425687483,4818
auc_roc_strict_oos_2017,0.9805328280846736,0.9641049387012983,0.9934091492645194,1096
loeo_all_episodes,0.972972972972973,0.858396904388842,0.9993159689753053,37
loeo_backsliding,0.96,0.796483086077586,0.9989878003006891,25
loeo_coup,1.0,0.7353515306029488,1.0,12
auc_fh_3yr_decline_2pt,0.6342796228855491,0.5786958806816139,0.6872510540428166,4639
auc_polity_3yr_decline_3pt,0.5588441883103588,0.5046171892002215,0.6107383540254646,3714
