auc_roc,auc_pr,auc_roc_oos_2017,auc_pr_oos_2017,watch_detected,watch_total,watch_sensitivity,configuration,n_features
0.9504003558718861,0.5790176131106166,0.8877032520325203,0.40268010210032873,35,35,1.0,full,89
0.9181223765854549,0.5142385337142873,0.8196702800361337,0.22536023917487433,34,35,0.9714285714285714,ablate_dsp,69
0.9196807418560087,0.5151630480161064,0.8267841011743451,0.2025076921539359,33,35,0.9428571428571428,dsp_only,20
-0.03227797928643117,-0.06477907939632932,-0.06803297199638658,,1,35,-0.02857142857142858,delta_full_minus_ablate,20
